#REF!,,,,,,,,
,,,,,,,43.305285,21.8723945
,,,,,,,44.66943,20.9289105
,,,,,,,44.0161425,20.8867265
,,,,,,,43.73084,20.6921005
,,,,,,,44.820426,20.434254